ACQF Level,EQF Level,Confidence,Response,Timestamp
1,1,80,"Both the African Continental Qualifications Framework (ACQF) Level 1 and the European Qualifications Framework (EQF) Level 1 have been provided for comparison. Let's analyze their equivalence based on the descriptors given:

### Similarities:

1. **Knowledge**:
   - Both descriptors mention ""basic general knowledge."" This indicates a similar expectation in terms of the foundational knowledge required at this level.

2. **Skills**:
   - Both frameworks describe the capacity to perform simple tasks. The ACQF specifies this as the ""ability to perform simple tasks under direct supervision,"" while the EQF mentions ""basic skills required to carry out simple tasks."" Although phrased slightly differently, the essential idea remains aligned.

3. **Autonomy and Responsibility**:
   - Both frameworks agree on the context being ""under direct supervision in a structured context."" This implies that individuals at this level function within closely monitored environments, such as under the guidance of a supervisor or instructor.

### Differences:
There are minimal differences between the two frameworks concerning Level 1 descriptors, primarily in wording rather than substantive content.

### Equivalence Assessment:
Given the descriptors provided, the ACQF Level 1 and EQF Level 1 appear to be directly equivalent. The similarities in all three aspects (knowledge, skills, autonomy, and responsibility) suggest that they are designed to address a similar level of competence.

### Suggested EQF Level Match:
The most appropriate match for ACQF Level 1 is EQF Level 1, as the outlined descriptors closely correspond across both frameworks.

### Similarity Score:
Given the high degree of alignment in both knowledge and skills, as well as autonomy and responsibility descriptions, the similarity score is:
- **Similarity Score: 95/100**

This score reflects the nearly identical nature of the descriptors, accounting for slight differences in phrasing but no substantial differences in expectations or outcomes.",2025-04-08T15:01:36.149630
